{
  "comparison_date": "2025-09-17",
  "official_data": {
    "LAZCHA": {
      "party": "MCP",
      "votes": 2604043
    },
    "PETKUW": {
      "party": "MMD",
      "votes": 32456
    },
    "PETMUT": {
      "party": "DPP",
      "votes": 1751877
    }
  },
  "extracted_totals": {
    "LAZCHA": 2584148,
    "PETKUW": 32870,
    "PETMUT": 1762961
  },
  "discrepancies": {
    "LAZCHA": {
      "difference": -19895,
      "percentage_difference": -0.7640042810352978
    },
    "PETKUW": {
      "difference": 414,
      "percentage_difference": 1.2755730835592802
    },
    "PETMUT": {
      "difference": 11084,
      "percentage_difference": 0.6326928203292811
    }
  },
  "district_breakdown": {
    "BA": {
      "LAZCHA": 18108,
      "PETKUW": 850,
      "PETMUT": 76834
    },
    "BL": {
      "LAZCHA": 142911,
      "PETKUW": 1841,
      "PETMUT": 169757
    },
    "CK": {
      "LAZCHA": 32706,
      "PETKUW": 1222,
      "PETMUT": 105523
    },
    "CR": {
      "LAZCHA": 11777,
      "PETKUW": 674,
      "PETMUT": 90371
    },
    "CT": {
      "LAZCHA": 50277,
      "PETKUW": 1220,
      "PETMUT": 8007
    },
    "DE": {
      "LAZCHA": 170268,
      "PETKUW": 1492,
      "PETMUT": 14724
    },
    "DO": {
      "LAZCHA": 207346,
      "PETKUW": 601,
      "PETMUT": 6628
    },
    "KR": {
      "LAZCHA": 74665,
      "PETKUW": 1257,
      "PETMUT": 13356
    },
    "KS": {
      "LAZCHA": 199421,
      "PETKUW": 1023,
      "PETMUT": 22233
    },
    "LI": {
      "LAZCHA": 607817,
      "PETKUW": 1988,
      "PETMUT": 68329
    },
    "LK": {
      "LAZCHA": 2981,
      "PETKUW": 37,
      "PETMUT": 1690
    },
    "MC": {
      "LAZCHA": 159125,
      "PETKUW": 872,
      "PETMUT": 16268
    },
    "MG": {
      "LAZCHA": 33293,
      "PETKUW": 2630,
      "PETMUT": 195531
    },
    "MH": {
      "LAZCHA": 14983,
      "PETKUW": 1684,
      "PETMUT": 131439
    },
    "MU": {
      "LAZCHA": 18994,
      "PETKUW": 1438,
      "PETMUT": 178296
    },
    "MW": {
      "LAZCHA": 9456,
      "PETKUW": 336,
      "PETMUT": 12185
    },
    "MZ": {
      "LAZCHA": 229656,
      "PETKUW": 2606,
      "PETMUT": 20093
    },
    "NB": {
      "LAZCHA": 40432,
      "PETKUW": 571,
      "PETMUT": 10865
    },
    "NE": {
      "LAZCHA": 6652,
      "PETKUW": 364,
      "PETMUT": 21878
    },
    "NI": {
      "LAZCHA": 88985,
      "PETKUW": 369,
      "PETMUT": 3740
    },
    "NK": {
      "LAZCHA": 77439,
      "PETKUW": 559,
      "PETMUT": 21656
    },
    "NS": {
      "LAZCHA": 21923,
      "PETKUW": 666,
      "PETMUT": 57861
    },
    "NU": {
      "LAZCHA": 95249,
      "PETKUW": 2845,
      "PETMUT": 32236
    },
    "PH": {
      "LAZCHA": 6092,
      "PETKUW": 674,
      "PETMUT": 118990
    },
    "RU": {
      "LAZCHA": 55513,
      "PETKUW": 747,
      "PETMUT": 8909
    },
    "SA": {
      "LAZCHA": 90006,
      "PETKUW": 1284,
      "PETMUT": 20816
    },
    "TH": {
      "LAZCHA": 13631,
      "PETKUW": 964,
      "PETMUT": 179454
    },
    "ZO": {
      "LAZCHA": 46610,
      "PETKUW": 1823,
      "PETMUT": 149051
    },
    "ZU": {
      "LAZCHA": 57832,
      "PETKUW": 233,
      "PETMUT": 6241
    }
  },
  "summary": {
    "total_official": 4388376,
    "total_extracted": 4379979,
    "total_difference": -8397,
    "accuracy_percentage": 99.80865358848011
  }
}